{"tokens_per_second":6844.919823186167,"_timestamp":1.752599589847408e+09,"train_loss":9.221646308898926,"_step":10,"learning_rate":5e-06,"_runtime":30.346501,"_wandb":{"runtime":30},"step":10,"elapsed_time":23.935999870300293}