{"_runtime":30.825938,"_wandb":{"runtime":30},"_step":10,"learning_rate":2.5e-05,"step":10,"_timestamp":1.752903428938538e+09,"tokens_per_second":6327.091632866755,"train_loss":9.109695434570312,"elapsed_time":25.894994020462036}